Keywords,Google Content Topics,Google Content Topic IDs
Wireless Noise-Cancelling Earbuds,"Apparel & Accessories > Clothing Accessories > Earmuffs , Health & Beauty > Personal Care > Ear Care > Earplugs","[6238, 2596]"
Reusable Stainless-Steel Water Bottle 1 L,"Home & Garden > Kitchen & Dining > Barware > Bottle Caps , Home & Garden > Decor > Decorative Bottles","[499990, 6317]"
Foldable Laptop Stand with Cooling Vent,"Office Supplies > Lap Desks , Apparel & Accessories > Clothing Accessories > Suspenders","[8499, 179]"
Memory-Foam Seat Cushion for Office Chairs,"Home & Garden > Decor > Chair & Sofa Cushions , Furniture > Chairs > Arm Chairs, Recliners & Sleeper Chairs","[4453, 6499]"
Quick-Charge USB-C Wall Adapter 65 W,"Electronics > Electronics Accessories > Power > Power Adapter & Charger Accessories , Electronics > Electronics Accessories > Power > Power Adapters & Chargers","[6933, 505295]"
Non-Stick Ceramic Frying Pan 28 cm,Home & Garden > Kitchen & Dining > Cookware & Bakeware > Cookware > Skillets & Frying Pans,[662]
Compact Air Purifier with HEPA Filter,"Home & Garden > Household Appliance Accessories > Air Purifier Accessories , Home & Garden > Household Appliance Accessories > Air Purifier Accessories > Air Purifier Filters","[3410, 3667]"
Solar-Powered Outdoor String Lights 10 m,Home & Garden > Lighting > Light Ropes & Strings,[2608]
Adjustable Resistance Bands Set (5 Levels),Sporting Goods > Exercise & Fitness > Exercise Bands,[5869]
Waterproof Portable Bluetooth Speaker,Electronics > Marine Electronics > Marine Speakers,[8473]
